INSERT INTO MUTUALFUND(symbol, name, description, category, c_date) VALUES('MM', 'money-market', 'money market, conservative', 'fixed', '06-JAN-14');
INSERT INTO MUTUALFUND(symbol, name, description, category, c_date) VALUES('RE', 'real-estate', 'real estate', 'fixed', '09-JAN-14');
INSERT INTO MUTUALFUND(symbol, name, description, category, c_date) VALUES('STB', 'short-term-bonds', 'short term bonds', 'bonds', '10-JAN-14');
INSERT INTO MUTUALFUND(symbol, name, description, category, c_date) VALUES('LTB', 'long-term-bonds', 'long term bonds', 'bonds', '11-JAN-14');
INSERT INTO MUTUALFUND(symbol, name, description, category, c_date) VALUES('BBS', 'balance-bonds-stocks', 'balance bonds and stocks', 'mixed', '12-JAN-14');
INSERT INTO MUTUALFUND(symbol, name, description, category, c_date) VALUES('SRBS', 'social-respons-bonds-stocks', 'social responsibility bonds and stocks', 'mixed', '12-JAN-14');
INSERT INTO MUTUALFUND(symbol, name, description, category, c_date) VALUES('GS', 'general-stocks', 'general stocks', 'stocks', '16-JAN-14');
INSERT INTO MUTUALFUND(symbol, name, description, category, c_date) VALUES('AS', 'aggressive-stocks', 'aggressive stocks', 'stocks', '23-JAN-14');
INSERT INTO MUTUALFUND(symbol, name, description, category, c_date) VALUES('IMS', 'international-markets-stock', 'international markets stock, risky', 'stocks', '30-JAN-14');

INSERT INTO CLOSINGPRICE(symbol, price, p_date) VALUES('MM', 10, '28-MAR-14');                                       
INSERT INTO CLOSINGPRICE(symbol, price, p_date) VALUES('MM', 11, '29-MAR-14');                                       
INSERT INTO CLOSINGPRICE(symbol, price, p_date) VALUES('MM', 12, '30-MAR-14');                                       
INSERT INTO CLOSINGPRICE(symbol, price, p_date) VALUES('MM', 15, '31-MAR-14');                                       
INSERT INTO CLOSINGPRICE(symbol, price, p_date) VALUES('MM', 14, '01-APR-14');                                       
INSERT INTO CLOSINGPRICE(symbol, price, p_date) VALUES('MM', 15, '02-APR-14');                                       
INSERT INTO CLOSINGPRICE(symbol, price, p_date) VALUES('MM', 16, '03-APR-14');                                       
INSERT INTO CLOSINGPRICE(symbol, price, p_date) VALUES('RE', 10, '28-MAR-14');                                       
INSERT INTO CLOSINGPRICE(symbol, price, p_date) VALUES('RE', 12, '29-MAR-14');                                       
INSERT INTO CLOSINGPRICE(symbol, price, p_date) VALUES('RE', 15, '30-MAR-14');                                       
INSERT INTO CLOSINGPRICE(symbol, price, p_date) VALUES('RE', 14, '31-MAR-14');                                       
INSERT INTO CLOSINGPRICE(symbol, price, p_date) VALUES('RE', 16, '01-APR-14');                                       
INSERT INTO CLOSINGPRICE(symbol, price, p_date) VALUES('RE', 17, '02-APR-14');                                       
INSERT INTO CLOSINGPRICE(symbol, price, p_date) VALUES('RE', 15, '03-APR-14');                                       
INSERT INTO CLOSINGPRICE(symbol, price, p_date) VALUES('STB', 10, '28-MAR-14');                                       
INSERT INTO CLOSINGPRICE(symbol, price, p_date) VALUES('STB', 9, '29-MAR-14');                                       
INSERT INTO CLOSINGPRICE(symbol, price, p_date) VALUES('STB', 10, '30-MAR-14');                                       
INSERT INTO CLOSINGPRICE(symbol, price, p_date) VALUES('STB', 12, '31-MAR-14');                                       
INSERT INTO CLOSINGPRICE(symbol, price, p_date) VALUES('STB', 14, '01-APR-14');                                       
INSERT INTO CLOSINGPRICE(symbol, price, p_date) VALUES('STB', 10, '02-APR-14');                                       
INSERT INTO CLOSINGPRICE(symbol, price, p_date) VALUES('STB', 12, '03-APR-14');                                       
INSERT INTO CLOSINGPRICE(symbol, price, p_date) VALUES('LTB', 10, '28-MAR-14');                                       
INSERT INTO CLOSINGPRICE(symbol, price, p_date) VALUES('LTB', 12, '29-MAR-14');                                       
INSERT INTO CLOSINGPRICE(symbol, price, p_date) VALUES('LTB', 13, '30-MAR-14');                                       
INSERT INTO CLOSINGPRICE(symbol, price, p_date) VALUES('LTB', 15, '31-MAR-14');                                       
INSERT INTO CLOSINGPRICE(symbol, price, p_date) VALUES('LTB', 12, '01-APR-14');                                       
INSERT INTO CLOSINGPRICE(symbol, price, p_date) VALUES('LTB', 9, '02-APR-14');                                       
INSERT INTO CLOSINGPRICE(symbol, price, p_date) VALUES('LTB', 10, '03-APR-14');                                       
INSERT INTO CLOSINGPRICE(symbol, price, p_date) VALUES('BBS', 10, '28-MAR-14');                                       
INSERT INTO CLOSINGPRICE(symbol, price, p_date) VALUES('BBS', 11, '29-MAR-14');                                       
INSERT INTO CLOSINGPRICE(symbol, price, p_date) VALUES('BBS', 14, '30-MAR-14');                                       
INSERT INTO CLOSINGPRICE(symbol, price, p_date) VALUES('BBS', 18, '31-MAR-14');                                       
INSERT INTO CLOSINGPRICE(symbol, price, p_date) VALUES('BBS', 13, '01-APR-14');                                       
INSERT INTO CLOSINGPRICE(symbol, price, p_date) VALUES('BBS', 15, '02-APR-14');                                       
INSERT INTO CLOSINGPRICE(symbol, price, p_date) VALUES('BBS', 16, '03-APR-14');                                       
INSERT INTO CLOSINGPRICE(symbol, price, p_date) VALUES('SRBS', 10, '28-MAR-14');                                       
INSERT INTO CLOSINGPRICE(symbol, price, p_date) VALUES('SRBS', 12, '29-MAR-14');                                       
INSERT INTO CLOSINGPRICE(symbol, price, p_date) VALUES('SRBS', 12, '30-MAR-14');                                       
INSERT INTO CLOSINGPRICE(symbol, price, p_date) VALUES('SRBS', 14, '31-MAR-14');                                       
INSERT INTO CLOSINGPRICE(symbol, price, p_date) VALUES('SRBS', 17, '01-APR-14');                                       
INSERT INTO CLOSINGPRICE(symbol, price, p_date) VALUES('SRBS', 20, '02-APR-14');                                       
INSERT INTO CLOSINGPRICE(symbol, price, p_date) VALUES('SRBS', 20, '03-APR-14');                                       
INSERT INTO CLOSINGPRICE(symbol, price, p_date) VALUES('GS', 10, '28-MAR-14');                                       
INSERT INTO CLOSINGPRICE(symbol, price, p_date) VALUES('GS', 12, '29-MAR-14');                                       
INSERT INTO CLOSINGPRICE(symbol, price, p_date) VALUES('GS', 13, '30-MAR-14');                                       
INSERT INTO CLOSINGPRICE(symbol, price, p_date) VALUES('GS', 15, '31-MAR-14');                                       
INSERT INTO CLOSINGPRICE(symbol, price, p_date) VALUES('GS', 14, '01-APR-14');                                       
INSERT INTO CLOSINGPRICE(symbol, price, p_date) VALUES('GS', 15, '02-APR-14');                                       
INSERT INTO CLOSINGPRICE(symbol, price, p_date) VALUES('GS', 12, '03-APR-14');                                       
INSERT INTO CLOSINGPRICE(symbol, price, p_date) VALUES('AS', 10, '28-MAR-14');                                       
INSERT INTO CLOSINGPRICE(symbol, price, p_date) VALUES('AS', 15, '29-MAR-14');                                       
INSERT INTO CLOSINGPRICE(symbol, price, p_date) VALUES('AS', 14, '30-MAR-14');                                       
INSERT INTO CLOSINGPRICE(symbol, price, p_date) VALUES('AS', 16, '31-MAR-14');                                       
INSERT INTO CLOSINGPRICE(symbol, price, p_date) VALUES('AS', 14, '01-APR-14');                                       
INSERT INTO CLOSINGPRICE(symbol, price, p_date) VALUES('AS', 17, '02-APR-14');                                       
INSERT INTO CLOSINGPRICE(symbol, price, p_date) VALUES('AS', 18, '03-APR-14');                                       
INSERT INTO CLOSINGPRICE(symbol, price, p_date) VALUES('IMS', 10, '28-MAR-14');                                       
INSERT INTO CLOSINGPRICE(symbol, price, p_date) VALUES('IMS', 12, '29-MAR-14');                                       
INSERT INTO CLOSINGPRICE(symbol, price, p_date) VALUES('IMS', 12, '30-MAR-14');                                       
INSERT INTO CLOSINGPRICE(symbol, price, p_date) VALUES('IMS', 14, '31-MAR-14');                                       
INSERT INTO CLOSINGPRICE(symbol, price, p_date) VALUES('IMS', 13, '01-APR-14');                                       
INSERT INTO CLOSINGPRICE(symbol, price, p_date) VALUES('IMS', 12, '02-APR-14');                                       
INSERT INTO CLOSINGPRICE(symbol, price, p_date) VALUES('IMS', 11, '03-APR-14');     

INSERT INTO CUSTOMER(login, name, email, address, password, balance) values('mike', 'Mike', 'mike@betterfuture.com', '1st street', 'pwd', 750);
INSERT INTO CUSTOMER(login, name, email, address, password, balance) values('mary', 'Mary', 'mary@betterfuture.com', '2st street', 'pwd', 0);

INSERT INTO ADMINISTRATOR(login, name, email, address, password) values('admin', 'Administrator', 'admin@betterfuture.com', '5th Ave, Pitt', 'root');

INSERT INTO ALLOCATION(allocation_no, login, p_date) values(0, 'mike', '28-MAR-14');
INSERT INTO ALLOCATION(allocation_no, login, p_date) values(1, 'mary', '29-MAR-14');
INSERT INTO ALLOCATION(allocation_no, login, p_date) values(2, 'mike', '03-MAR-14');

INSERT INTO PREFERS(allocation_no, symbol, percentage) values(0, 'MM', .5);
INSERT INTO PREFERS(allocation_no, symbol, percentage) values(0, 'RE', .5);
INSERT INTO PREFERS(allocation_no, symbol, percentage) values(1, 'STB', .2);
INSERT INTO PREFERS(allocation_no, symbol, percentage) values(1, 'LTB', .4);
INSERT INTO PREFERS(allocation_no, symbol, percentage) values(1, 'BBS', .4);
INSERT INTO PREFERS(allocation_no, symbol, percentage) values(2, 'GS', .3);
INSERT INTO PREFERS(allocation_no, symbol, percentage) values(2, 'AS', .3);
INSERT INTO PREFERS(allocation_no, symbol, percentage) values(2, 'IMS', .4);

INSERT INTO TRXLOG(trans_id, login, symbol, t_date, action, num_shares, price, amount) values(0, 'mike', NULL, '29-MAR-14', 'deposit', NULL, NULL, 1000);
INSERT INTO TRXLOG(trans_id, login, symbol, t_date, action, num_shares, price, amount) values(1, 'mike', 'MM', '29-MAR-14', 'buy', 50, 10, 500);
INSERT INTO TRXLOG(trans_id, login, symbol, t_date, action, num_shares, price, amount) values(2, 'mike', 'RE', '29-MAR-14', 'buy', 50, 10, 500);
INSERT INTO TRXLOG(trans_id, login, symbol, t_date, action, num_shares, price, amount) values(3, 'mike', 'MM', '01-APR-14', 'sell', 50, 15, 750);

INSERT INTO OWNS(login, symbol, shares) values('mike', 'RE', 50);

INSERT INTO MUTUALDATE(c_date) values('04-APR-14');

--commit!
commit;
